{
    "MAE": 315.59194095636735,
    "RMSE": 424.9105383359537,
    "R^2": 0.5699884128251667
}