{
    "MAE": 314.25179604261797,
    "RMSE": 423.2508133632869,
    "R^2": 0.573341151940867
}